country,state,region,county
United States of America,South Carolina,Upstate,Abbeville
United States of America,Louisiana,Acadia,Acadia
United States of America,Virginia,Coastal Plains,Accomack
United States of America,Mississippi,South,Adams
United States of America,South Carolina,Midlands,Aiken
United States of America,Florida,North,Alachua
United States of America,North Carolina,Piedmont,Alamance
United States of America,Virginia,Piedmont,Albemarle
United States of America,Mississippi,North,Alcorn
United States of America,North Carolina,Piedmont,Alexander
United States of America,Virginia,Coastal Plains,Alexandria City
United States of America,North Carolina,Mountains,Alleghany
United States of America,Virginia,Mountain,Alleghany
United States of America,Louisiana,Central,Allen
United States of America,South Carolina,Low Country,Allendale
United States of America,Virginia,Piedmont,Amelia
United States of America,Virginia,Piedmont,Amherst
United States of America,Mississippi,South,Amite
United States of America,South Carolina,Upstate,Anderson
United States of America,Tennessee,Eastern,Anderson
United States of America,Texas,Pineywoods,Anderson
United States of America,Texas,Panhandle,Andrews
United States of America,Texas,Pineywoods,Angelina
United States of America,North Carolina,Piedmont,Anson
United States of America,Georgia,Coastal Plains,Appling
United States of America,Virginia,Piedmont,Appomattox
United States of America,Texas,Gulf Coast,Aransas
United States of America,Texas,Panhandle,Archer
United States of America,Arkansas,Delta,Arkansas
United States of America,Texas,Panhandle,Armstrong
United States of America,Louisiana,Acadia,Ascension
United States of America,North Carolina,Mountains,Ashe
United States of America,Arkansas,South,Ashley
United States of America,Louisiana,Acadia,Assumption
United States of America,Texas,South Texas,Atascosa
United States of America,Georgia,Coastal Plains,Atkinson
United States of America,Mississippi,Central,Attala
United States of America,Virginia,Mountain,Augusta
United States of America,Texas,Prairies and Lakes,Austin
United States of America,Alabama,Central,Autauga
United States of America,North Carolina,Mountains,Avery
United States of America,Louisiana,Acadia,Avoyelles
United States of America,Georgia,Coastal Plains,Bacon
United States of America,Texas,Panhandle,Bailey
United States of America,Florida,North,Baker
United States of America,Georgia,Coastal Plains,Baker
United States of America,Alabama,South,Baldwin
United States of America,Georgia,Piedmont,Baldwin
United States of America,South Carolina,Low Country,Bamberg
United States of America,Texas,Hill Country,Bandera
United States of America,Georgia,Mountain,Banks
United States of America,Alabama,South,Barbour
United States of America,South Carolina,Midlands,Barnwell
United States of America,Georgia,Piedmont,Barrow
United States of America,Georgia,Mountain,Bartow
United States of America,Texas,Prairies and Lakes,Bastrop
United States of America,Virginia,Mountain,Bath
United States of America,Arkansas,North,Baxter
United States of America,Florida,Panhandle,Bay
United States of America,Texas,Panhandle,Baylor
United States of America,North Carolina,Coastal Plains,Beaufort
United States of America,South Carolina,Low Country,Beaufort
United States of America,Louisiana,Central,Beauregard
United States of America,Tennessee,Central,Bedford
United States of America,Virginia,Piedmont,Bedford
United States of America,Virginia,Piedmont,Bedford City
United States of America,Texas,South Texas,Bee
United States of America,Texas,Prairies and Lakes,Bell
United States of America,Georgia,Coastal Plains,Ben Hill
United States of America,Arkansas,North,Benton
United States of America,Mississippi,North,Benton
United States of America,Tennessee,West,Benton
United States of America,South Carolina,Low Country,Berkeley
United States of America,Georgia,Coastal Plains,Berrien
United States of America,North Carolina,Coastal Plains,Bertie
United States of America,Texas,South Texas,Bexar
United States of America,Alabama,Central,Bibb
United States of America,Georgia,Piedmont,Bibb
United States of America,Louisiana,North,Bienville
United States of America,North Carolina,Coastal Plains,Bladen
United States of America,Texas,Hill Country,Blanco
United States of America,Virginia,Mountain,Bland
United States of America,Georgia,Coastal Plains,Bleckley
United States of America,Tennessee,Eastern,Bledsoe
United States of America,Alabama,North,Blount
United States of America,Tennessee,Eastern,Blount
United States of America,Mississippi,Delta,Bolivar
United States of America,Arkansas,North,Boone
United States of America,Texas,Panhandle,Borden
United States of America,Texas,Prairies and Lakes,Bosque
United States of America,Louisiana,North,Bossier
United States of America,Virginia,Mountain,Botetourt
United States of America,Texas,Pineywoods,Bowie
United States of America,Florida,North,Bradford
United States of America,Arkansas,South,Bradley
United States of America,Tennessee,Eastern,Bradley
United States of America,Georgia,Coastal Plains,Brantley
United States of America,Texas,Gulf Coast,Brazoria
United States of America,Texas,Prairies and Lakes,Brazos
United States of America,Florida,Central,Brevard
United States of America,Texas,Big Bend Country,Brewster
United States of America,Texas,Panhandle,Briscoe
United States of America,Virginia,Mountain,Bristol
United States of America,Georgia,Coastal Plains,Brooks
United States of America,Texas,South Texas,Brooks
United States of America,Florida,South,Broward
United States of America,Texas,Panhandle,Brown
United States of America,North Carolina,Coastal Plains,Brunswick
United States of America,Virginia,Piedmont,Brunswick
United States of America,Georgia,Coastal Plains,Bryan
United States of America,Virginia,Mountain,Buchanan
United States of America,Virginia,Piedmont,Buckingham
United States of America,Virginia,Mountain,Buena Vista City
United States of America,Georgia,Piedmont,Bulloch
United States of America,Alabama,South,Bullock
United States of America,North Carolina,Mountains,Buncombe
United States of America,Georgia,Coastal Plains,Burke
United States of America,North Carolina,Mountains,Burke
United States of America,Texas,Prairies and Lakes,Burleson
United States of America,Texas,Hill Country,Burnet
United States of America,Alabama,South,Butler
United States of America,Georgia,Piedmont,Butts
United States of America,North Carolina,Piedmont,Cabarrus
United States of America,Louisiana,North,Caddo
United States of America,Louisiana,Acadia,Calcasieu
United States of America,Louisiana,North,Caldwell
United States of America,North Carolina,Mountains,Caldwell
United States of America,Texas,Prairies and Lakes,Caldwell
United States of America,Alabama,North,Calhoun
United States of America,Arkansas,South,Calhoun
United States of America,Florida,Panhandle,Calhoun
United States of America,Georgia,Coastal Plains,Calhoun
United States of America,Mississippi,North,Calhoun
United States of America,South Carolina,Low Country,Calhoun
United States of America,Texas,Gulf Coast,Calhoun
United States of America,Texas,Panhandle,Callahan
United States of America,Georgia,Coastal Plains,Camden
United States of America,North Carolina,Coastal Plains,Camden
United States of America,Louisiana,Acadia,Cameron
United States of America,Texas,Gulf Coast,Cameron
United States of America,Texas,Pineywoods,Camp
United States of America,Tennessee,Eastern,Campbell
United States of America,Virginia,Piedmont,Campbell
United States of America,Georgia,Piedmont,Candler
United States of America,Tennessee,Central,Cannon
United States of America,Virginia,Coastal Plains,Caroline
United States of America,Arkansas,North,Carroll
United States of America,Georgia,Piedmont,Carroll
United States of America,Mississippi,Central,Carroll
United States of America,Tennessee,West,Carroll
United States of America,Virginia,Mountain,Carroll
United States of America,Texas,Panhandle,Carson
United States of America,Tennessee,Eastern,Carter
United States of America,North Carolina,Coastal Plains,Carteret
United States of America,Texas,Pineywoods,Cass
United States of America,Texas,Panhandle,Castro
United States of America,North Carolina,Piedmont,Caswell
United States of America,Louisiana,Central,Catahoula
United States of America,North Carolina,Piedmont,Catawba
United States of America,Georgia,Mountain,Catoosa
United States of America,Alabama,Central,Chambers
United States of America,Texas,Gulf Coast,Chambers
United States of America,Virginia,Coastal Plains,Charles City
United States of America,South Carolina,Low Country,Charleston
United States of America,Florida,South,Charlotte
United States of America,Virginia,Piedmont,Charlotte
United States of America,Virginia,Piedmont,Charlottesville City
United States of America,Georgia,Coastal Plains,Charlton
United States of America,Georgia,Coastal Plains,Chatham
United States of America,North Carolina,Piedmont,Chatham
United States of America,Georgia,Coastal Plains,Chattahoochee
United States of America,Georgia,Mountain,Chattooga
United States of America,Tennessee,Central,Cheatham
United States of America,Alabama,North,Cherokee
United States of America,Georgia,Mountain,Cherokee
United States of America,North Carolina,Mountains,Cherokee
United States of America,South Carolina,Upstate,Cherokee
United States of America,Texas,Pineywoods,Cherokee
United States of America,Virginia,Coastal Plains,Chesapeake City
United States of America,South Carolina,Midlands,Chester
United States of America,Tennessee,West,Chester
United States of America,South Carolina,Pee Dee,Chesterfield
United States of America,Virginia,Coastal Plains,Chesterfield
United States of America,Mississippi,North,Chickasaw
United States of America,Arkansas,Delta,Chicot
United States of America,Texas,Panhandle,Childress
United States of America,Alabama,Central,Chilton
United States of America,Alabama,South,Choctaw
United States of America,Mississippi,Central,Choctaw
United States of America,North Carolina,Coastal Plains,Chowan
United States of America,Florida,Central,Citrus
United States of America,Louisiana,North,Claiborne
United States of America,Mississippi,South,Claiborne
United States of America,Tennessee,Eastern,Claiborne
United States of America,South Carolina,Pee Dee,Clarendon
United States of America,Arkansas,South,Clark
United States of America,Alabama,South,Clarke
United States of America,Georgia,Piedmont,Clarke
United States of America,Mississippi,Central,Clarke
United States of America,Virginia,Mountain,Clarke
United States of America,Alabama,Central,Clay
United States of America,Arkansas,Delta,Clay
United States of America,Florida,North,Clay
United States of America,Georgia,Coastal Plains,Clay
United States of America,Mississippi,Central,Clay
United States of America,North Carolina,Mountains,Clay
United States of America,Tennessee,Central,Clay
United States of America,Texas,Panhandle,Clay
United States of America,Georgia,Piedmont,Clayton
United States of America,Alabama,North,Cleburne
United States of America,Arkansas,North,Cleburne
United States of America,Arkansas,South,Cleveland
United States of America,North Carolina,Piedmont,Cleveland
United States of America,Virginia,Mountain,Clifton Forge City
United States of America,Georgia,Coastal Plains,Clinch
United States of America,Mississippi,Delta,Coahoma
United States of America,Georgia,Piedmont,Cobb
United States of America,Texas,Panhandle,Cochran
United States of America,Tennessee,Eastern,Cocke
United States of America,Alabama,South,Coffee
United States of America,Georgia,Coastal Plains,Coffee
United States of America,Tennessee,Central,Coffee
United States of America,Texas,Panhandle,Coke
United States of America,Alabama,North,Colbert
United States of America,Texas,Panhandle,Coleman
United States of America,South Carolina,Low Country,Colleton
United States of America,Florida,South,Collier
United States of America,Texas,Prairies and Lakes,Collin
United States of America,Texas,Panhandle,Collingsworth
United States of America,Virginia,Coastal Plains,Colonial Heights City
United States of America,Texas,Prairies and Lakes,Colorado
United States of America,Georgia,Coastal Plains,Colquitt
United States of America,Arkansas,South,Columbia
United States of America,Florida,North,Columbia
United States of America,Georgia,Piedmont,Columbia
United States of America,North Carolina,Coastal Plains,Columbus
United States of America,Texas,Hill Country,Comal
United States of America,Texas,Prairies and Lakes,Comanche
United States of America,Texas,Panhandle,Concho
United States of America,Louisiana,Central,Concordia
United States of America,Alabama,South,Conecuh
United States of America,Arkansas,Central,Conway
United States of America,Georgia,Coastal Plains,Cook
United States of America,Texas,Prairies and Lakes,Cooke
United States of America,Alabama,Central,Coosa
United States of America,Mississippi,South,Copiah
United States of America,Texas,Prairies and Lakes,Coryell
United States of America,Texas,Panhandle,Cottle
United States of America,Alabama,South,Covington
United States of America,Mississippi,South,Covington
United States of America,Virginia,Mountain,Covington City
United States of America,Georgia,Piedmont,Coweta
United States of America,Virginia,Mountain,Craig
United States of America,Arkansas,Delta,Craighead
United States of America,Texas,Big Bend Country,Crane
United States of America,North Carolina,Coastal Plains,Craven
United States of America,Arkansas,North,Crawford
United States of America,Georgia,Piedmont,Crawford
United States of America,Alabama,South,Crenshaw
United States of America,Georgia,Coastal Plains,Crisp
United States of America,Arkansas,Delta,Crittenden
United States of America,Tennessee,West,Crockett
United States of America,Texas,Hill Country,Crockett
United States of America,Texas,Panhandle,Crosby
United States of America,Arkansas,Delta,cross
United States of America,Texas,Big Bend Country,Culberson
United States of America,Alabama,North,Cullman
United States of America,Virginia,Piedmont,Culpeper
United States of America,North Carolina,Coastal Plains,Cumberland
United States of America,Tennessee,Eastern,Cumberland
United States of America,Virginia,Piedmont,Cumberland
United States of America,North Carolina,Coastal Plains,Currituck
United States of America,Georgia,Mountain,Dade
United States of America,Alabama,South,Dale
United States of America,Texas,Panhandle,Dallam
United States of America,Alabama,South,Dallas
United States of America,Arkansas,South,Dallas
United States of America,Texas,Prairies and Lakes,Dallas
United States of America,Virginia,Piedmont,Danville City
United States of America,North Carolina,Coastal Plains,Dare
United States of America,South Carolina,Pee Dee,Darlington
United States of America,North Carolina,Piedmont,Davidson
United States of America,Tennessee,Central,Davidson
United States of America,North Carolina,Piedmont,Davie
United States of America,Georgia,Mountain,Dawson
United States of America,Texas,Panhandle,Dawson
United States of America,Alabama,North,De Kalb
United States of America,Florida,South,De Soto
United States of America,Louisiana,North,De Soto
United States of America,Mississippi,North,De Soto
United States of America,Texas,Prairies and Lakes,De Witt
United States of America,Texas,Panhandle,Deaf Smith
United States of America,Georgia,Coastal Plains,Decatur
United States of America,Tennessee,West,Decatur
United States of America,Georgia,Piedmont,DeKalb
United States of America,Tennessee,Central,DeKalb
United States of America,Texas,Prairies and Lakes,Delta
United States of America,Texas,Prairies and Lakes,Denton
United States of America,Arkansas,Delta,Desha
United States of America,Texas,Panhandle,Dickens
United States of America,Virginia,Mountain,Dickenson
United States of America,Tennessee,West,Dickson
United States of America,South Carolina,Pee Dee,Dillon
United States of America,Texas,South Texas,Dimmit
United States of America,Virginia,Coastal Plains,Dinwiddie
United States of America,Florida,North,Dixie
United States of America,Georgia,Coastal Plains,Dodge
United States of America,Texas,Panhandle,Donley
United States of America,Georgia,Coastal Plains,Dooly
United States of America,South Carolina,Low Country,Dorchester
United States of America,Georgia,Coastal Plains,Dougherty
United States of America,Georgia,Piedmont,Douglas
United States of America,Arkansas,South,Drew
United States of America,North Carolina,Coastal Plains,Duplin
United States of America,North Carolina,Piedmont,Durham
United States of America,Florida,North,Duval
United States of America,Texas,South Texas,Duval
United States of America,Tennessee,West,Dyer
United States of America,Georgia,Coastal Plains,Early
United States of America,Louisiana,West Florida Parishes,East Baton Rouge
United States of America,Louisiana,North,East Carroll
United States of America,Louisiana,West Florida Parishes,East Feliciana
United States of America,Texas,Panhandle,Eastland
United States of America,Georgia,Coastal Plains,Echols
United States of America,Texas,Big Bend Country,Ector
United States of America,North Carolina,Coastal Plains,Edgecombe
United States of America,South Carolina,Midlands,Edgefield
United States of America,Texas,Hill Country,Edwards
United States of America,Georgia,Coastal Plains,Effingham
United States of America,Texas,Big Bend Country,El Paso
United States of America,Georgia,Piedmont,Elbert
United States of America,Texas,Prairies and Lakes,Ellis
United States of America,Alabama,Central,Elmore
United States of America,Georgia,Coastal Plains,Emanuel
United States of America,Virginia,Coastal Plains,Emporia City
United States of America,Texas,Prairies and Lakes,Erath
United States of America,Alabama,South,Escambia
United States of America,Florida,Panhandle,Escambia
United States of America,Virginia,Coastal Plains,Essex
United States of America,Alabama,North,Etowah
United States of America,Louisiana,Acadia,Evangeline
United States of America,Georgia,Coastal Plains,Evans
United States of America,Virginia,Coastal Plains,Fairfax
United States of America,Virginia,Coastal Plains,Fairfax City
United States of America,South Carolina,Midlands,Fairfield
United States of America,Texas,Prairies and Lakes,Falls
United States of America,Virginia,Coastal Plains,Falls Church City
United States of America,Georgia,Mountain,Fannin
United States of America,Texas,Prairies and Lakes,Fannin
United States of America,Arkansas,Central,Faulkner
United States of America,Virginia,Piedmont,Fauquier
United States of America,Alabama,North,Fayette
United States of America,Georgia,Piedmont,Fayette
United States of America,Tennessee,West,Fayette
United States of America,Texas,Prairies and Lakes,Fayette
United States of America,Tennessee,Eastern,Fentress
United States of America,Texas,Panhandle,Fisher
United States of America,Florida,North,Flagler
United States of America,South Carolina,Pee Dee,Florence
United States of America,Georgia,Mountain,Floyd
United States of America,Texas,Panhandle,Floyd
United States of America,Virginia,Mountain,Floyd
United States of America,Virginia,Piedmont,Fluvanna
United States of America,Texas,Panhandle,Foard
United States of America,Mississippi,South,Forrest
United States of America,Georgia,Mountain,Forsyth
United States of America,North Carolina,Piedmont,Forsyth
United States of America,Texas,Gulf Coast,Fort Bend
United States of America,Arkansas,Central,Franklin
United States of America,Florida,Panhandle,Franklin
United States of America,Georgia,Mountain,Franklin
United States of America,Louisiana,North,Franklin
United States of America,Mississippi,South,Franklin
United States of America,North Carolina,Piedmont,Franklin
United States of America,Tennessee,Central,Franklin
United States of America,Texas,Prairies and Lakes,Franklin
United States of America,Virginia,Piedmont,Franklin
United States of America,Virginia,Coastal Plains,Franklin City
United States of America,Virginia,Mountain,Frederick
United States of America,Virginia,Piedmont,Fredericksburg City
United States of America,Texas,Prairies and Lakes,Freestone
United States of America,Texas,South Texas,Frio
United States of America,Georgia,Piedmont,Fulton
United States of America,Florida,Panhandle,Gadsden
United States of America,Texas,Panhandle,Gaines
United States of America,Virginia,Mountain,Galax City
United States of America,Texas,Gulf Coast,Galveston
United States of America,Arkansas,Central,Garland
United States of America,Texas,Panhandle,Garza
United States of America,North Carolina,Piedmont,Gaston
United States of America,North Carolina,Coastal Plains,Gates
United States of America,Alabama,South,Geneva
United States of America,Mississippi,South,George
United States of America,South Carolina,Pee Dee,Georgetown
United States of America,Tennessee,West,Gibson
United States of America,Florida,North,Gilchrist
United States of America,Tennessee,Central,Giles
United States of America,Virginia,Mountain,Giles
United States of America,Texas,Hill Country,Gillespie
United States of America,Georgia,Mountain,Gilmer
United States of America,Florida,South,Glades
United States of America,Georgia,Coastal Plains,Glascock
United States of America,Texas,Panhandle,Glasscock
United States of America,Georgia,Coastal Plains,Glynn
United States of America,Texas,South Texas,Goliad
United States of America,Texas,Prairies and Lakes,Gonzales
United States of America,Virginia,Coastal Plains,Gloucester
United States of America,Virginia,Piedmont,Goochland
United States of America,Georgia,Mountain,Gordon
United States of America,Georgia,Coastal Plains,Grady
United States of America,North Carolina,Mountains,Graham
United States of America,Tennessee,Eastern,Grainger
United States of America,Arkansas,South,Grant
United States of America,Louisiana,Central,Grant
United States of America,North Carolina,Piedmont,Granville
United States of America,Texas,Panhandle,Gray
United States of America,Texas,Prairies and Lakes,Grayson
United States of America,Virginia,Mountain,Grayson
United States of America,Alabama,Central,Greene
United States of America,Arkansas,Delta,Greene
United States of America,Georgia,Piedmont,Greene
United States of America,Mississippi,South,Greene
United States of America,North Carolina,Coastal Plains,Greene
United States of America,Tennessee,Eastern,Greene
United States of America,Virginia,Piedmont,Greene
United States of America,Virginia,Coastal Plains,Greensville
United States of America,South Carolina,Upstate,Greenville
United States of America,South Carolina,Upstate,Greenwood
United States of America,Texas,Pineywoods,Gregg
United States of America,Mississippi,North,Grenada
United States of America,Texas,Prairies and Lakes,Grimes
United States of America,Tennessee,Central,Grundy
United States of America,Texas,South Texas,Guadalupe
United States of America,North Carolina,Piedmont,Guilford
United States of America,Florida,Panhandle,Gulf
United States of America,Georgia,Piedmont,Gwinnett
United States of America,Georgia,Mountain,Habersham
United States of America,Alabama,Central,Hale
United States of America,Texas,Panhandle,Hale
United States of America,North Carolina,Coastal Plains,Halifax
United States of America,Virginia,Piedmont,Halifax
United States of America,Georgia,Piedmont,Hall
United States of America,Texas,Panhandle,Hall
United States of America,Tennessee,Eastern,Hamblen
United States of America,Florida,North,Hamilton
United States of America,Tennessee,Eastern,Hamilton
United States of America,Texas,Prairies and Lakes,Hamilton
United States of America,South Carolina,Low Country,Hampton
United States of America,Virginia,Coastal Plains,Hampton City
United States of America,Georgia,Piedmont,Hancock
United States of America,Mississippi,South,Hancock
United States of America,Tennessee,Eastern,Hancock
United States of America,Virginia,Coastal Plains,Hanover
United States of America,Texas,Panhandle,Hansford
United States of America,Georgia,Mountain,Haralson
United States of America,Florida,South,Hardee
United States of America,Tennessee,West,Hardeman
United States of America,Texas,Panhandle,Hardeman
United States of America,Tennessee,West,Hardin
United States of America,Texas,Pineywoods,Hardin
United States of America,North Carolina,Coastal Plains,Harnett
United States of America,Georgia,Piedmont,Harris
United States of America,Texas,Gulf Coast,Harris
United States of America,Mississippi,South,Harrison
United States of America,Texas,Pineywoods,Harrison
United States of America,Virginia,Mountain,Harrisonburg City
United States of America,Georgia,Mountain,Hart
United States of America,Texas,Panhandle,Hartley
United States of America,Texas,Panhandle,Haskell
United States of America,Tennessee,Eastern,Hawkins
United States of America,Texas,Hill Country,Hays
United States of America,North Carolina,Mountains,Haywood
United States of America,Tennessee,West,Haywood
United States of America,Georgia,Piedmont,Heard
United States of America,Texas,Panhandle,Hemphill
United States of America,Arkansas,South,Hempstead
United States of America,North Carolina,Mountains,Henderson
United States of America,Tennessee,West,Henderson
United States of America,Texas,Prairies and Lakes,Henderson
United States of America,Florida,South,Hendry
United States of America,Virginia,Coastal Plains,Henrico
United States of America,Alabama,South,Henry
United States of America,Georgia,Piedmont,Henry
United States of America,Tennessee,West,Henry
United States of America,Virginia,Piedmont,Henry
United States of America,Florida,Central,Hernando
United States of America,North Carolina,Coastal Plains,Hertford
United States of America,Tennessee,West,Hickman
United States of America,Texas,South Texas,Hidalgo
United States of America,Virginia,Mountain,Highland
United States of America,Florida,South,Highlands
United States of America,Texas,Prairies and Lakes,Hill
United States of America,Florida,Central,Hillsborough
United States of America,Mississippi,Central,Hinds
United States of America,Texas,Panhandle,Hockley
United States of America,North Carolina,Coastal Plains,Hoke
United States of America,Florida,Panhandle,Holmes
United States of America,Mississippi,Central,Holmes
United States of America,Texas,Prairies and Lakes,Hood
United States of America,Virginia,Coastal Plains,Hopewell City
United States of America,Texas,Prairies and Lakes,Hopkins
United States of America,South Carolina,Pee Dee,Horry
United States of America,Arkansas,Central,Hot Spring
United States of America,Alabama,South,Houston
United States of America,Georgia,Coastal Plains,Houston
United States of America,Tennessee,West,Houston
United States of America,Texas,Pineywoods,Houston
United States of America,Arkansas,South,Howard
United States of America,Texas,Panhandle,Howard
United States of America,Texas,Big Bend Country,Hudspeth
United States of America,Mississippi,Delta,Humphreys
United States of America,Tennessee,West,Humphreys
United States of America,Texas,Prairies and Lakes,Hunt
United States of America,Texas,Panhandle,Hutchinson
United States of America,North Carolina,Coastal Plains,Hyde
United States of America,Louisiana,Acadia,Iberia
United States of America,Louisiana,Acadia,Iberville
United States of America,Arkansas,North,Independence
United States of America,Florida,South,Indian River
United States of America,North Carolina,Piedmont,Iredell
United States of America,Texas,Hill Country,Irion
United States of America,Georgia,Coastal Plains,Irwin
United States of America,Virginia,Coastal Plains,Isle of Wight
United States of America,Mississippi,Delta,Issaquena
United States of America,Mississippi,North,Itawamba
United States of America,Texas,Panhandle,Jack
United States of America,Alabama,North,Jackson
United States of America,Arkansas,Delta,Jackson
United States of America,Florida,Panhandle,Jackson
United States of America,Georgia,Piedmont,Jackson
United States of America,Louisiana,North,Jackson
United States of America,Mississippi,South,Jackson
United States of America,North Carolina,Mountains,Jackson
United States of America,Tennessee,Central,Jackson
United States of America,Texas,Gulf Coast,Jackson
United States of America,Virginia,Coastal Plains,James City
United States of America,Georgia,Piedmont,Jasper
United States of America,Mississippi,South,Jasper
United States of America,South Carolina,Low Country,Jasper
United States of America,Texas,Pineywoods,Jasper
United States of America,Georgia,Coastal Plains,Jeff Davis
United States of America,Texas,Big Bend Country,Jeff Davis
United States of America,Alabama,North,Jefferson
United States of America,Alabama,North,Jefferson
United States of America,Arkansas,Delta,Jefferson
United States of America,Florida,Panhandle,Jefferson
United States of America,Georgia,Coastal Plains,Jefferson
United States of America,Louisiana,Greater New Orleans,Jefferson
United States of America,Mississippi,South,Jefferson
United States of America,Tennessee,Eastern,Jefferson
United States of America,Texas,Gulf Coast,Jefferson
United States of America,Louisiana,Acadia,Jefferson Davis
United States of America,Mississippi,South,Jefferson Davis
United States of America,Georgia,Coastal Plains,Jenkins
United States of America,Texas,South Texas,Jim Hogg
United States of America,Texas,South Texas,Jim Wells
United States of America,Arkansas,Central,Johnson
United States of America,Georgia,Coastal Plains,Johnson
United States of America,Tennessee,Eastern,Johnson
United States of America,Texas,Prairies and Lakes,Johnson
United States of America,North Carolina,Coastal Plains,Johnston
United States of America,Georgia,Piedmont,Jones
United States of America,Mississippi,South,Jones
United States of America,North Carolina,Coastal Plains,Jones
United States of America,Texas,Panhandle,Jones
United States of America,Texas,South Texas,Karnes
United States of America,Texas,Prairies and Lakes,Kaufman
United States of America,Mississippi,Central,Kemper
United States of America,Texas,Hill Country,Kendall
United States of America,Texas,Gulf Coast,Kenedy
United States of America,Texas,Panhandle,Kent
United States of America,Texas,Hill Country,Kerr
United States of America,South Carolina,Midlands,Kershaw
United States of America,Texas,Hill Country,Kimble
United States of America,Texas,Panhandle,King
United States of America,Virginia,Coastal Plains,King and Queen
United States of America,Virginia,Coastal Plains,King George
United States of America,Virginia,Coastal Plains,King William
United States of America,Texas,Hill Country,Kinney
United States of America,Texas,Gulf Coast,Kleberg
United States of America,Tennessee,Eastern,Knox
United States of America,Texas,Panhandle,Knox
United States of America,Louisiana,Central,La Salle
United States of America,Texas,South Texas,La Salle
United States of America,Arkansas,South,Lafayette
United States of America,Florida,North,Lafayette
United States of America,Louisiana,Acadia,Lafayette
United States of America,Mississippi,North,Lafayette
United States of America,Louisiana,Acadia,Lafourche
United States of America,Florida,Central,Lake
United States of America,Tennessee,West,Lake
United States of America,Alabama,North,Lamar
United States of America,Georgia,Piedmont,Lamar
United States of America,Mississippi,South,Lamar
United States of America,Texas,Prairies and Lakes,Lamar
United States of America,Texas,Panhandle,Lamb
United States of America,Texas,Hill Country,Lampasas
United States of America,South Carolina,Midlands,Lancaster
United States of America,Virginia,Coastal Plains,Lancaster
United States of America,Georgia,Coastal Plains,Lanier
United States of America,Alabama,North,Lauderdale
United States of America,Mississippi,Central,Lauderdale
United States of America,Tennessee,West,Lauderdale
United States of America,Georgia,Coastal Plains,Laurens
United States of America,South Carolina,Upstate,Laurens
United States of America,Texas,Prairies and Lakes,Lavaca
United States of America,Alabama,North,Lawrence
United States of America,Arkansas,North,Lawrence
United States of America,Mississippi,South,Lawrence
United States of America,Tennessee,West,Lawrence
United States of America,Mississippi,Central,Leake
United States of America,Alabama,Central,Lee
United States of America,Arkansas,Delta,Lee
United States of America,Florida,South,Lee
United States of America,Georgia,Coastal Plains,Lee
United States of America,Mississippi,North,Lee
United States of America,North Carolina,Piedmont,Lee
United States of America,South Carolina,Pee Dee,Lee
United States of America,Texas,Prairies and Lakes,Lee
United States of America,Virginia,Mountain,Lee
United States of America,Mississippi,Delta,Leflore
United States of America,North Carolina,Coastal Plains,Lenoir
United States of America,Florida,Panhandle,Leon
United States of America,Texas,Pineywoods,Leon
United States of America,Florida,North,Levy
United States of America,Tennessee,West,Lewis
United States of America,South Carolina,Midlands,Lexington
United States of America,Virginia,Mountain,Lexington City
United States of America,Florida,Panhandle,Liberty
United States of America,Georgia,Coastal Plains,Liberty
United States of America,Texas,Pineywoods,Liberty
United States of America,Alabama,North,Limestone
United States of America,Texas,Prairies and Lakes,Limestone
United States of America,Arkansas,Delta,Lincoln
United States of America,Georgia,Piedmont,Lincoln
United States of America,Louisiana,North,Lincoln
United States of America,Mississippi,South,Lincoln
United States of America,North Carolina,Piedmont,Lincoln
United States of America,Tennessee,Central,Lincoln
United States of America,Texas,Panhandle,Lipscomb
United States of America,Arkansas,South,Little River
United States of America,Texas,South Texas,Live Oak
United States of America,Louisiana,West Florida Parishes,Livingston
United States of America,Texas,Hill Country,Llano
United States of America,Arkansas,Central,Logan
United States of America,Georgia,Coastal Plains,Long
United States of America,Arkansas,Delta,Lonoke
United States of America,Tennessee,Eastern,Loudon
United States of America,Virginia,Piedmont,Loudoun
United States of America,Virginia,Piedmont,Louisa
United States of America,Texas,Big Bend Country,Loving
United States of America,Alabama,South,Lowndes
United States of America,Georgia,Coastal Plains,Lowndes
United States of America,Mississippi,Central,Lowndes
United States of America,Texas,Panhandle,Lubbock
United States of America,Georgia,Mountain,Lumpkin
United States of America,Virginia,Piedmont,Lunenburg
United States of America,Virginia,Piedmont,Lynchburg City
United States of America,Texas,Panhandle,Lynn
United States of America,Alabama,South,Macon
United States of America,Georgia,Coastal Plains,Macon
United States of America,North Carolina,Mountains,Macon
United States of America,Tennessee,Central,Macon
United States of America,Alabama,North,Madison
United States of America,Arkansas,North,Madison
United States of America,Florida,North,Madison
United States of America,Georgia,Piedmont,Madison
United States of America,Louisiana,North,Madison
United States of America,Mississippi,South,Madison
United States of America,North Carolina,Mountains,Madison
United States of America,Tennessee,West,Madison
United States of America,Texas,Pineywoods,Madison
United States of America,Virginia,Piedmont,Madison
United States of America,Virginia,Coastal Plains,Manassas City
United States of America,Virginia,Coastal Plains,Manassas Park City
United States of America,Florida,South,Manatee
United States of America,Alabama,South,Marengo
United States of America,Alabama,North,Marion
United States of America,Arkansas,North,Marion
United States of America,Florida,North,Marion
United States of America,Georgia,Coastal Plains,Marion
United States of America,Mississippi,South,Marion
United States of America,South Carolina,Pee Dee,Marion
United States of America,Tennessee,Central,Marion
United States of America,Texas,Pineywoods,Marion
United States of America,South Carolina,Pee Dee,Marlboro
United States of America,Alabama,North,Marshall
United States of America,Mississippi,North,Marshall
United States of America,Tennessee,Central,Marshall
United States of America,Florida,South,Martin
United States of America,North Carolina,Coastal Plains,Martin
United States of America,Texas,Panhandle,Martin
United States of America,Virginia,Piedmont,Martinsville City
United States of America,Texas,Hill Country,Mason
United States of America,Texas,Gulf Coast,Matagorda
United States of America,Virginia,Coastal Plains,Mathews
United States of America,Tennessee,Central,Maury
United States of America,Texas,South Texas,Maverick
United States of America,South Carolina,Upstate,McCormick
United States of America,Texas,Hill Country,McCulloch
United States of America,North Carolina,Mountains,McDowell
United States of America,Georgia,Piedmont,McDuffie
United States of America,Georgia,Coastal Plains,Mcintosh
United States of America,Texas,Prairies and Lakes,McLennan
United States of America,Tennessee,Eastern,McMinn
United States of America,Texas,South Texas,McMullen
United States of America,Tennessee,West,McNairy
United States of America,North Carolina,Piedmont,Mecklenburg
United States of America,Virginia,Piedmont,Mecklenburg
United States of America,Texas,Hill Country,Medina
United States of America,Tennessee,Eastern,Meigs
United States of America,Texas,Hill Country,Menard
United States of America,Georgia,Piedmont,Meriwether
United States of America,Florida,South,Miami Dade
United States of America,Virginia,Coastal Plains,Middlesex
United States of America,Texas,Big Bend Country,Midland
United States of America,Texas,Prairies and Lakes,Milam
United States of America,Arkansas,South,Miller
United States of America,Georgia,Coastal Plains,Miller
United States of America,Texas,Hill Country,Mills
United States of America,Arkansas,Delta,Mississippi
United States of America,Georgia,Coastal Plains,Mitchell
United States of America,North Carolina,Mountains,Mitchell
United States of America,Texas,Panhandle,Mitchell
United States of America,Alabama,South,Mobile
United States of America,Alabama,South,Monroe
United States of America,Arkansas,Delta,Monroe
United States of America,Florida,South,Monroe
United States of America,Georgia,Piedmont,Monroe
United States of America,Mississippi,North,Monroe
United States of America,Tennessee,Eastern,Monroe
United States of America,Texas,Prairies and Lakes,Montague
United States of America,Alabama,South,Montgomery
United States of America,Arkansas,Central,Montgomery
United States of America,Georgia,Coastal Plains,Montgomery
United States of America,Mississippi,Central,Montgomery
United States of America,North Carolina,Piedmont,Montgomery
United States of America,Tennessee,West,Montgomery
United States of America,Texas,Pineywoods,Montgomery
United States of America,Virginia,Mountain,Montgomery
United States of America,North Carolina,Piedmont,Moore
United States of America,Tennessee,Central,Moore
United States of America,Texas,Panhandle,Moore
United States of America,Louisiana,North,Morehouse
United States of America,Alabama,North,Morgan
United States of America,Georgia,Piedmont,Morgan
United States of America,Tennessee,Eastern,Morgan
United States of America,Texas,Pineywoods,Morris
United States of America,Texas,Panhandle,Motley
United States of America,Georgia,Mountain,Murray
United States of America,Georgia,Piedmont,Muscogee
United States of America,Texas,Pineywoods,Nacogdoches
United States of America,North Carolina,Coastal Plains,Nash
United States of America,Florida,North,Nassau
United States of America,Louisiana,Central,Natchitoches
United States of America,Texas,Prairies and Lakes,Navarro
United States of America,Virginia,Piedmont,Nelson
United States of America,Mississippi,Central,Neshoba
United States of America,Arkansas,South,Nevada
United States of America,North Carolina,Coastal Plains,New Hanover
United States of America,Virginia,Coastal Plains,New Kent
United States of America,South Carolina,Midlands,Newberry
United States of America,Virginia,Coastal Plains,Newport News City
United States of America,Arkansas,North,Newton
United States of America,Georgia,Piedmont,Newton
United States of America,Mississippi,Central,Newton
United States of America,Texas,Pineywoods,Newton
United States of America,Texas,Panhandle,Nolan
United States of America,Virginia,Coastal Plains,Norfolk City
United States of America,North Carolina,Coastal Plains,Northampton
United States of America,Virginia,Coastal Plains,Northampton
United States of America,Virginia,Coastal Plains,Northumberland
United States of America,Virginia,Mountain,Norton City
United States of America,Virginia,Piedmont,Nottoway
United States of America,Mississippi,Central,Noxubee
United States of America,Texas,Gulf Coast,Nueces
United States of America,Tennessee,West,Obion
United States of America,Texas,Panhandle,Ochiltree
United States of America,Georgia,Piedmont,Oconee
United States of America,South Carolina,Upstate,Oconee
United States of America,Georgia,Piedmont,Oglethorpe
United States of America,Florida,Panhandle,Okaloosa
United States of America,Florida,South,Okeechobee
United States of America,Mississippi,Central,Oktibbeha
United States of America,Texas,Panhandle,Oldham
United States of America,North Carolina,Coastal Plains,Onslow
United States of America,Florida,Central,Orange
United States of America,North Carolina,Piedmont,Orange
United States of America,Texas,Gulf Coast,Orange
United States of America,Virginia,Piedmont,Orange
United States of America,South Carolina,Low Country,Orangeburg
United States of America,Louisiana,Greater New Orleans,Orleans
United States of America,Florida,Central,Osceola
United States of America,Arkansas,South,Ouachita
United States of America,Louisiana,North,Ouachita
United States of America,Tennessee,Central,Overton
United States of America,Virginia,Mountain,Page
United States of America,Florida,South,Palm Beach
United States of America,Texas,Panhandle,Palo Pinto
United States of America,North Carolina,Coastal Plains,Pamlico
United States of America,Mississippi,North,Panola
United States of America,Texas,Pineywoods,Panola
United States of America,Texas,Prairies and Lakes,Parker
United States of America,Texas,Panhandle,Parmer
United States of America,Florida,Central,Pasco
United States of America,North Carolina,Coastal Plains,Pasquotank
United States of America,Virginia,Piedmont,Patrick
United States of America,Georgia,Piedmont,Paulding
United States of America,Georgia,Coastal Plains,Peach
United States of America,Mississippi,South,Pearl River
United States of America,Texas,Big Bend Country,Pecos
United States of America,North Carolina,Coastal Plains,Pender
United States of America,North Carolina,Coastal Plains,Perquimans
United States of America,Alabama,Central,Perry
United States of America,Arkansas,Central,Perry
United States of America,Mississippi,South,Perry
United States of America,Tennessee,West,Perry
United States of America,North Carolina,Piedmont,Person
United States of America,Virginia,Coastal Plains,Petersburg City
United States of America,Arkansas,Delta,Phillips
United States of America,Alabama,Central,Pickens
United States of America,Georgia,Mountain,Pickens
United States of America,South Carolina,Upstate,Pickens
United States of America,Tennessee,Central,Pickett
United States of America,Georgia,Coastal Plains,Pierce
United States of America,Alabama,South,Pike
United States of America,Arkansas,South,Pike
United States of America,Georgia,Piedmont,Pike
United States of America,Mississippi,South,Pike
United States of America,Florida,Central,Pinellas
United States of America,North Carolina,Coastal Plains,Pitt
United States of America,Virginia,Piedmont,Pittsylvania
United States of America,Louisiana,Greater New Orleans,Plaquemines
United States of America,Arkansas,Delta,Poinsett
United States of America,Louisiana,Acadia,Pointe Coupee
United States of America,Arkansas,Central,Polk
United States of America,Florida,Central,Polk
United States of America,Georgia,Mountain,Polk
United States of America,North Carolina,Mountains,Polk
United States of America,Tennessee,Eastern,Polk
United States of America,Texas,Pineywoods,Polk
United States of America,Mississippi,North,Pontotoc
United States of America,Arkansas,Central,Pope
United States of America,Virginia,Coastal Plains,Poquoson City
United States of America,Virginia,Coastal Plains,Portsmouth City
United States of America,Texas,Panhandle,Potter
United States of America,Virginia,Piedmont,Powhatan
United States of America,Arkansas,Delta,Prairie
United States of America,Mississippi,North,Prentiss
United States of America,Texas,Big Bend Country,Presidio
United States of America,Virginia,Coastal Plains,Prince George
United States of America,Virginia,Coastal Plains,Prince William
United States of America,Arkansas,Central,Pulaski
United States of America,Georgia,Coastal Plains,Pulaski
United States of America,Virginia,Mountain,Pulaski
United States of America,Florida,North,Putnam
United States of America,Georgia,Piedmont,Putnam
United States of America,Tennessee,Central,Putnam
United States of America,Georgia,Coastal Plains,Quitman
United States of America,Mississippi,Delta,Quitman
United States of America,Georgia,Mountain,Rabun
United States of America,Virginia,Mountain,Radford
United States of America,Texas,Prairies and Lakes,Rains
United States of America,Texas,Panhandle,Randall
United States of America,Alabama,Central,Randolph
United States of America,Arkansas,North,Randolph
United States of America,Georgia,Coastal Plains,Randolph
United States of America,North Carolina,Piedmont,Randolph
United States of America,Mississippi,Central,Rankin
United States of America,Louisiana,Central,Rapides
United States of America,Virginia,Piedmont,Rappahannock
United States of America,Texas,Hill Country,Reagan
United States of America,Texas,Hill Country,Real
United States of America,Louisiana,North,Red River
United States of America,Texas,Prairies and Lakes,Red River
United States of America,Texas,Big Bend Country,Reeves
United States of America,Texas,Gulf Coast,Refugio
United States of America,Tennessee,Eastern,Rhea
United States of America,Louisiana,North,Richland
United States of America,South Carolina,Midlands,Richland
United States of America,Georgia,Piedmont,Richmond
United States of America,North Carolina,Piedmont,Richmond
United States of America,Virginia,Coastal Plains,Richmond
United States of America,Virginia,Coastal Plains,Richmond City
United States of America,Tennessee,Eastern,Roane
United States of America,Virginia,Mountain,Roanoke
United States of America,Virginia,Mountain,Roanoke City
United States of America,Texas,Panhandle,Roberts
United States of America,Tennessee,Central,Robertson
United States of America,Texas,Prairies and Lakes,Robertson
United States of America,North Carolina,Coastal Plains,Robeson
United States of America,Virginia,Mountain,Rockbridge
United States of America,Georgia,Piedmont,Rockdale
United States of America,North Carolina,Piedmont,Rockingham
United States of America,Virginia,Mountain,Rockingham
United States of America,Texas,Prairies and Lakes,Rockwall
United States of America,North Carolina,Piedmont,Rowan
United States of America,Texas,Panhandle,Runnels
United States of America,Texas,Pineywoods,Rusk
United States of America,Alabama,South,Russell
United States of America,Virginia,Mountain,Russell
United States of America,North Carolina,Mountains,Rutherford
United States of America,Tennessee,Central,Rutherford
United States of America,Louisiana,Central,Sabine
United States of America,Texas,Pineywoods,Sabine
United States of America,Louisiana,Greater New Orleans,Saint Bernard
United States of America,Louisiana,Acadia,Saint Charles
United States of America,Alabama,North,Saint Clair
United States of America,Arkansas,Delta,Saint Francis
United States of America,Louisiana,West Florida Parishes,Saint Helena
United States of America,Louisiana,Acadia,Saint James
United States of America,Florida,North,Saint Johns
United States of America,Louisiana,Acadia,Saint Landry
United States of America,Florida,South,Saint Lucie
United States of America,Louisiana,Acadia,Saint Martin
United States of America,Louisiana,Acadia,Saint Mary
United States of America,Louisiana,West Florida Parishes,Saint Tammany
United States of America,Virginia,Mountain,Salem
United States of America,Arkansas,Central,Saline
United States of America,South Carolina,Midlands,Saluda
United States of America,North Carolina,Coastal Plains,Sampson
United States of America,Texas,Pineywoods,San Augustine
United States of America,Texas,Pineywoods,San Jacinto
United States of America,Texas,Gulf Coast,San Patricio
United States of America,Texas,Hill Country,San Saba
United States of America,Florida,Panhandle,Santa Rosa
United States of America,Florida,South,Sarasota
United States of America,Texas,Hill Country,Schleicher
United States of America,Georgia,Coastal Plains,Schley
United States of America,North Carolina,Coastal Plains,Scotland
United States of America,Arkansas,Central,Scott
United States of America,Mississippi,Central,Scott
United States of America,Tennessee,Eastern,Scott
United States of America,Virginia,Mountain,Scott
United States of America,Georgia,Coastal Plains,Screven
United States of America,Texas,Panhandle,Scurry
United States of America,Arkansas,North,Searcy
United States of America,Arkansas,Central,Sebastian
United States of America,Florida,Central,Seminole
United States of America,Georgia,Coastal Plains,Seminole
United States of America,Tennessee,Central,Sequatchie
United States of America,Arkansas,South,Sevier
United States of America,Tennessee,Eastern,Sevier
United States of America,Texas,Panhandle,Shackelford
United States of America,Mississippi,Delta,Sharkey
United States of America,Arkansas,North,Sharp
United States of America,Alabama,Central,Shelby
United States of America,Tennessee,West,Shelby
United States of America,Texas,Pineywoods,Shelby
United States of America,Virginia,Mountain,Shenandoah
United States of America,Texas,Panhandle,Sherman
United States of America,Mississippi,South,Simpson
United States of America,Mississippi,South,Smith
United States of America,Tennessee,Central,Smith
United States of America,Texas,Pineywoods,Smith
United States of America,Virginia,Mountain,Smyth
United States of America,Texas,Prairies and Lakes,Somervell
United States of America,Virginia,Coastal Plains,Southampton
United States of America,Georgia,Piedmont,Spalding
United States of America,South Carolina,Upstate,Spartanburg
United States of America,Virginia,Piedmont,Spotsylvania
United States of America,Louisiana,Acadia,St John the Baptist
United States of America,Virginia,Coastal Plains,Stafford
United States of America,North Carolina,Piedmont,Stanly
United States of America,Texas,South Texas,Starr
United States of America,Virginia,Mountain,Staunton City
United States of America,Georgia,Mountain,Stephens
United States of America,Texas,Panhandle,Stephens
United States of America,Texas,Panhandle,Sterling
United States of America,Georgia,Coastal Plains,Stewart
United States of America,Tennessee,West,Stewart
United States of America,North Carolina,Piedmont,Stokes
United States of America,Arkansas,North,Stone
United States of America,Mississippi,South,Stone
United States of America,Texas,Panhandle,Stonewall
United States of America,Virginia,Coastal Plains,Suffolk City
United States of America,Tennessee,Eastern,Sullivan
United States of America,Tennessee,Central,Sumner
United States of America,Alabama,Central,Sumter
United States of America,Florida,Central,Sumter
United States of America,Georgia,Coastal Plains,Sumter
United States of America,South Carolina,Pee Dee,Sumter
United States of America,Mississippi,Delta,Sunflower
United States of America,North Carolina,Piedmont,Surry
United States of America,Virginia,Coastal Plains,Surry
United States of America,Virginia,Coastal Plains,Sussex
United States of America,Texas,Hill Country,Sutton
United States of America,Florida,North,Suwannee
United States of America,North Carolina,Mountains,Swain
United States of America,Texas,Panhandle,Swisher
United States of America,Georgia,Piedmont,Talbot
United States of America,Georgia,Piedmont,Taliaferro
United States of America,Alabama,Central,Talladega
United States of America,Mississippi,Delta,Tallahatchie
United States of America,Alabama,Central,Tallapoosa
United States of America,Louisiana,West Florida Parishes,Tangipahoa
United States of America,Texas,Prairies and Lakes,Tarrant
United States of America,Mississippi,North,Tate
United States of America,Georgia,Coastal Plains,Tattnall
United States of America,Florida,North,Taylor
United States of America,Georgia,Piedmont,Taylor
United States of America,Texas,Panhandle,Taylor
United States of America,Virginia,Mountain,Tazewell
United States of America,Georgia,Coastal Plains,Telfair
United States of America,Louisiana,North,Tensas
United States of America,Louisiana,Acadia,Terrebonne
United States of America,Georgia,Coastal Plains,Terrell
United States of America,Texas,Big Bend Country,Terrell
United States of America,Texas,Panhandle,Terry
United States of America,Georgia,Coastal Plains,Thomas
United States of America,Texas,Panhandle,Throckmorton
United States of America,Georgia,Coastal Plains,Tift
United States of America,Mississippi,North,Tippah
United States of America,Tennessee,West,Tipton
United States of America,Mississippi,North,Tishomingo
United States of America,Texas,Pineywoods,Titus
United States of America,Texas,Panhandle,Tom Green
United States of America,Georgia,Coastal Plains,Toombs
United States of America,Georgia,Mountain,Towns
United States of America,North Carolina,Mountains,Transylvania
United States of America,Texas,Hill Country,Travis
United States of America,Georgia,Coastal Plains,Treutlen
United States of America,Texas,Pineywoods,Trinity
United States of America,Georgia,Piedmont,Troup
United States of America,Tennessee,Central,Trousdale
United States of America,Mississippi,Delta,Tunica
United States of America,Georgia,Coastal Plains,Turner
United States of America,Alabama,Central,Tuscaloosa
United States of America,Georgia,Piedmont,Twiggs
United States of America,Texas,Pineywoods,Tyler
United States of America,North Carolina,Coastal Plains,Tyrrell
United States of America,Tennessee,Eastern,Unicoi
United States of America,Arkansas,South,Union
United States of America,Florida,North,Union
United States of America,Georgia,Mountain,Union
United States of America,Louisiana,North,Union
United States of America,Mississippi,North,Union
United States of America,North Carolina,Piedmont,Union
United States of America,South Carolina,Upstate,Union
United States of America,Tennessee,Eastern,Union
United States of America,Texas,Pineywoods,Upshur
United States of America,Georgia,Piedmont,Upson
United States of America,Texas,Big Bend Country,Upton
United States of America,Texas,Hill Country,Uvalde
United States of America,Texas,Big Bend Country,Val Verde
United States of America,Arkansas,North,Van Buren
United States of America,Tennessee,Central,Van Buren
United States of America,Texas,Prairies and Lakes,Van Zandt
United States of America,North Carolina,Piedmont,Vance
United States of America,Louisiana,Acadia,Vermilion
United States of America,Louisiana,Central,Vernon
United States of America,Texas,Gulf Coast,Victoria
United States of America,Virginia,Coastal Plains,Virginia Beach City
United States of America,Florida,Central,Volusia
United States of America,North Carolina,Piedmont,Wake
United States of America,Florida,Panhandle,Wakulla
United States of America,Alabama,North,Walker
United States of America,Georgia,Mountain,Walker
United States of America,Texas,Pineywoods,Walker
United States of America,Texas,Gulf Coast,Waller
United States of America,Mississippi,South,Walthall
United States of America,Florida,Panhandle,Walton
United States of America,Georgia,Piedmont,Walton
United States of America,Texas,Big Bend Country,Ward
United States of America,Georgia,Coastal Plains,Ware
United States of America,Georgia,Piedmont,Warren
United States of America,Mississippi,Central,Warren
United States of America,North Carolina,Piedmont,Warren
United States of America,Tennessee,Central,Warren
United States of America,Virginia,Mountain,Warren
United States of America,Alabama,South,Washington
United States of America,Arkansas,North,Washington
United States of America,Florida,Panhandle,Washington
United States of America,Georgia,Coastal Plains,Washington
United States of America,Louisiana,West Florida Parishes,Washington
United States of America,Mississippi,Delta,Washington
United States of America,North Carolina,Coastal Plains,Washington
United States of America,Tennessee,Eastern,Washington
United States of America,Texas,Prairies and Lakes,Washington
United States of America,Virginia,Mountain,Washington
United States of America,North Carolina,Mountains,Watauga
United States of America,Georgia,Coastal Plains,Wayne
United States of America,Mississippi,South,Wayne
United States of America,North Carolina,Coastal Plains,Wayne
United States of America,Tennessee,West,Wayne
United States of America,Virginia,Mountain,Waynesboro City
United States of America,Tennessee,West,Weakley
United States of America,Texas,South Texas,Webb
United States of America,Georgia,Coastal Plains,Webster
United States of America,Louisiana,North,Webster
United States of America,Mississippi,Central,Webster
United States of America,Louisiana,Acadia,West Baton Rouge
United States of America,Louisiana,North,West Carroll
United States of America,Louisiana,West Florida Parishes,West Feliciana
United States of America,Virginia,Coastal Plains,Westmoreland
United States of America,Texas,Gulf Coast,Wharton
United States of America,Georgia,Coastal Plains,Wheeler
United States of America,Texas,Panhandle,Wheeler
United States of America,Arkansas,Delta,White
United States of America,Georgia,Mountain,White
United States of America,Tennessee,Central,White
United States of America,Georgia,Mountain,Whitfield
United States of America,Texas,Panhandle,Wichita
United States of America,Texas,Panhandle,Wilbarger
United States of America,Alabama,South,Wilcox
United States of America,Georgia,Coastal Plains,Wilcox
United States of America,Georgia,Piedmont,Wilkes
United States of America,North Carolina,Mountains,Wilkes
United States of America,Georgia,Coastal Plains,Wilkinson
United States of America,Mississippi,South,Wilkinson
United States of America,Texas,Gulf Coast,Willacy
United States of America,South Carolina,Pee Dee,Williamsburg
United States of America,Virginia,Coastal Plains,Williamsburg City
United States of America,Tennessee,Central,Williamson
United States of America,Texas,Hill Country,Williamson
United States of America,North Carolina,Coastal Plains,Wilson
United States of America,Tennessee,Central,Wilson
United States of America,Texas,South Texas,Wilson
United States of America,Virginia,Mountain,Winchester City
United States of America,Texas,Big Bend Country,Winkler
United States of America,Louisiana,North,Winn
United States of America,Alabama,North,Winston
United States of America,Mississippi,Central,Winston
United States of America,Texas,Prairies and Lakes,Wise
United States of America,Virginia,Mountain,Wise
United States of America,Texas,Pineywoods,Wood
United States of America,Arkansas,Delta,Woodruff
United States of America,Georgia,Coastal Plains,Worth
United States of America,Virginia,Mountain,Wythe
United States of America,North Carolina,Piedmont,Yadkin
United States of America,Mississippi,North,Yalobusha
United States of America,North Carolina,Mountains,Yancey
United States of America,Mississippi,Central,Yazoo
United States of America,Arkansas,Central,Yell
United States of America,Texas,Panhandle,Yoakum
United States of America,South Carolina,Midlands,York
United States of America,Virginia,Coastal Plains,York
United States of America,Texas,Panhandle,Young
United States of America,Texas,South Texas,Zapata
United States of America,Texas,South Texas,Zavala
